{
  "train_loss": [
    0.6994874775409698,
    0.6440675407648087,
    0.5645259097218513,
    0.5504357665777206,
    0.5133947432041168,
    0.48369352146983147,
    0.3945331797003746,
    0.36664554849267006,
    0.3414834961295128,
    0.25732939876616
  ],
  "train_acc": [
    53.55648535564853,
    64.85355648535565,
    81.58995815899581,
    83.26359832635983,
    84.51882845188284,
    87.86610878661088,
    91.63179916317992,
    92.05020920502092,
    92.46861924686192,
    95.81589958158996
  ],
  "val_loss": [
    0.717676043510437,
    0.672746479511261,
    0.6236339211463928,
    0.5790758728981018,
    0.5389681458473206,
    0.4789896309375763,
    0.4171293079853058,
    0.3684367835521698,
    0.32594603300094604,
    0.286001056432724
  ],
  "val_acc": [
    41.935483870967744,
    61.29032258064516,
    74.19354838709677,
    83.87096774193549,
    87.09677419354838,
    87.09677419354838,
    93.54838709677419,
    96.7741935483871,
    96.7741935483871,
    96.7741935483871
  ]
}